id	Q2
469945926522785792	1
469653339010252802	1
468958193297920000	1
471703069395533824	1
471507257839341569	1
471462539097042944	1
470973247681748992	1
470800278992998400	1
470582391392976896	1
469632884236906496	1
469284918590464000	1
467731695018721280	1
467328596776734720	1
466493144562163712	1
465534554539687938	1
464986155109580800	1
464918972186783745	1
463839815956312064	1
463432039329697792	1
462797726942765056	1
462753859606032384	1
462639568404373505	1
462451404771438592	1
472941097929682944	1
472929684817461248	1
472922987587731456	1
472915116724207616	1
472912955127115776	1
472909790172446720	1
472885617488326656	1
472873108366708738	1
472857035173011458	1
472845980845740032	1
472845681905115137	1
472800208292552705	1
472795930643931136	1
472578899738894336	1
472571327665434624	1
472570941458108416	1
472567546051563520	1
472566987185750016	1
472552015344959488	1
472539128069120000	1
472532423784542208	1
472523506329325568	1
472518499785773056	1
472516931593834496	1
472495357747003393	1
472401100902236160	1
472383648105127937	1
472335609051484160	1
472258571359768576	1
472250684528943104	1
472212629969465344	1
472187316556271617	1
472186121930412032	1
472181243128582144	1
472166026546020354	1
472146258283737088	1
472139796899704832	1
472041958966173697	1
472022134202843136	1
471874172117712896	1
471870569433268224	1
471837692121317376	1
471801578136272896	1
471799767518150657	1
471774191851958273	1
471710282876588032	1
471650911870136320	1
471616564190781440	1
471533880542257152	1
471477403530051584	1
471428485417025536	1
471424776373030912	1
471310017585369088	1
471294889322631168	1
471149169781268481	1
471118352187162624	1
471095997394071552	1
471052614226812928	1
471045025741406208	1
471044699453935616	1
471018151556444160	1
471016961514536960	1
471008386792693760	1
471001362235273216	1
470947293693489152	1
470867573178122240	1
470801001507987456	1
470800623676686336	1
470745900890222592	1
470740276018184192	1
470731926228434944	1
470724998261657602	1
470683919445426176	1
470642809377013760	1
470632863835389952	1
470581689769791488	1
470577459529007104	1
470544130276605953	1
470541857374863360	1
470421223495970816	1
470414861285867520	1
470409074589589504	1
470408181148303361	1
470402877387583488	1
470378467323039744	1
470375766946226176	1
470367287568916480	1
470357415175942144	1
470351032938405888	1
470345533106954242	1
470344387822489601	1
470332693637787648	1
470330719211118592	1
470310957999480832	1
470304276829720576	1
470273606308462592	1
470265628721704962	1
470241289280421888	1
470060874137600000	1
470026157396869121	1
470025738490773504	1
470008598852947969	1
470004730224476160	1
469992801745518592	1
469983234130849792	1
469919696201220097	1
469890725497167872	1
469837635381645312	1
469680949295591425	1
469647470327508992	1
469614345253838848	1
469584301974364161	1
469537067815669760	1
469473561863016448	1
469345266509029378	1
469295792251883521	1
469277897468153856	1
469241169248280577	1
469159728698753024	1
469138711624433665	1
469106923334561793	1
468988689184739328	1
468941082685087745	1
468930248995012609	1
468926492194643969	1
468907540831825920	1
468894989909774336	1
468892884654362624	1
468883342616981507	1
468813340194906112	1
468608598713851904	1
468594234837467136	1
468487754478014465	1
468241805436530688	1
468224869566783488	1
468135161193062400	1
468061831127265280	1
467888464386854913	1
467862692322365440	1
467857960799318016	1
467840382081200128	1
467830870804811776	1
467824519223476224	1
467822518230073344	1
467802994919354368	1
467791961697841153	1
467784827543257088	1
467709354012323840	1
467691838540103680	1
467683962048225281	1
467667938343149568	1
467660563569340416	1
467643371666698240	1
467497516368265217	1
467496243988795392	1
467476243420839938	1
467427878318395392	1
467346610108637184	1
467336166799572992	1
467247875282706432	1
467185428207247361	1
467142529604153344	1
467138497581969408	1
467126853258727424	1
467111787825860608	1
467097757334126592	1
467094972421120000	1
467094140283813888	1
467093160644972544	1
466997995394064384	1
466949665024262146	1
466917066399047680	1
466814541289259008	1
466805373706719233	1
466804536330690560	1
466777754789498880	1
466746643866714112	1
466617148400762881	1
466585409762623488	1
466578658334101504	1
466478623701344256	1
466446010202726402	1
466413431101616128	1
466400952787161088	1
466370480061296640	1
466341098278117376	1
466317805256990721	1
466272868431831040	1
466242412458037248	1
466104293305905152	1
466067145861124096	1
466033465692282880	1
465968683660365824	1
465957451888881664	1
465904190842494976	1
465896012188758016	1
465870095794049025	1
465681945964183553	1
465660196036296704	1
465647324560363520	1
465615191380856833	1
465573974600990720	1
465530643657400320	1
465508523313729536	1
465375822023385088	1
465361289410523136	1
465332761977683968	1
465324549874405376	1
465321838735015936	1
465312146944180226	1
465300700617256960	1
465298082356133888	1
465246344786214913	1
465226463495864320	1
465220842058964992	1
465201581743693824	1
465189157417922560	1
465183125581352960	1
465181118187048961	1
465180146085814272	1
465005699014352896	1
464974284377436160	1
464940522793345025	1
464935509702475778	1
464935067937026048	1
464924579694403584	1
464920389626646528	1
464893099689275392	1
464825491485392896	1
464812879628095488	1
464606615388557313	1
464553997081526272	1
464500669614133248	1
464257032711708673	1
464255193627254784	1
464252973838004224	1
464250624910299136	1
464230685327507456	1
464224947221843968	1
464220482813034496	1
464200435629584386	1
464181752857382912	1
464155603485462529	1
464138490784280576	1
464001520569036800	1
463876581568413696	1
463871895775899648	1
463853362761322496	1
463852555588481024	1
463847789353385986	1
463842022785175552	1
463840438458130432	1
463838368673984512	1
463826933742960640	1
463825014681120769	1
463814927426146304	1
463802899760295936	1
463743959727362048	1
463721508058460161	1
463516825587032064	1
463510565676384256	1
463497460355444736	1
463494718773809153	1
463483521664036865	1
463472010262097920	1
463459732398018560	1
463416113448386561	1
463396362911219712	1
463357221053956096	1
463334491806003200	1
463332991675023362	1
463320298805555200	1
463192447422849025	1
463133970809753600	1
463108625859629056	1
463071515463135233	1
462979361650376704	1
462859803610460160	1
462813353346613248	1
462786950663905280	1
462782705269084160	1
462764754483023872	1
462758674512244736	1
462755601123377152	1
462751794456961024	1
462749687809081344	1
462749056486621184	1
462741800575594496	1
462711818000297985	1
462701060650717184	1
462670545872777216	1
462656440784920576	1
462624944254636032	1
462598909211443200	1
462592928569753600	1
462578667089301504	1
462466171024191488	1
462463385914077184	1
462441941981200384	1
462423664688775169	1
462413413394567169	1
462411537190121472	1
462409512557637633	1
462406990971801601	1
462393244106514433	1
462369886937694208	1
462368633839054848	1
462362834371088385	1
462349867226910720	1
462309868503072769	1
462244540192391169	1
462047890534567936	1
462034928448720896	1
461933910004215808	1
461928306238308352	1
461866627420545024	1
461732452801597440	1
461721857247694848	1
469356238502121472	1
469277856422715392	1
467165067927359488	1
462661368190353409	1
472933635302359040	1
472932793283252224	1
472926849413427200	1
472919560421933056	1
472918004184150018	1
472916323702685697	1
472907440410075137	1
472907151611265024	1
472902428300705792	1
472897426022760448	1
472896726366715905	1
472892588169891842	1
472889956101529601	1
472880095548678144	1
472875394560192513	1
472874653867057154	1
472868411891273728	1
472865074273861632	1
472861527490707456	1
472861032604766208	1
472853372840992768	1
472849247306391552	1
472844792825909248	1
472844136408969216	1
472833757251375105	1
472823770131210240	1
472810240933912576	1
472810156716482560	1
472809409731895296	1
472808775540572160	1
472806884383408129	1
472803541007216640	1
472799345801449472	1
472794674315292672	1
472791032313434112	1
472790800011902977	1
472781892446846976	1
472781180010758145	1
472779373494677504	1
472779155080101888	1
472771498579865600	1
472766886396977152	1
472766181015695360	1
472759274062360576	1
472756330105548801	1
472748188123017216	1
472743637609349120	1
472742337828110336	1
472741496337477633	1
472739554055974912	1
472733059625025536	1
472732143974899712	1
472718613141782528	1
472707036254175232	1
472661816838193152	1
472633101881839616	1
472619455181500416	1
472619076008030208	1
472616405620117504	1
472613816963186688	1
472613479099404288	1
472612027102662656	1
472609230848286720	1
472608771618136064	1
472595010068946944	1
472594608082681856	1
472590254960963584	1
472588401980362752	1
472586852537741312	1
472580949612691456	1
472578687012196352	1
472577843319545856	1
472574779120418816	1
472573392629944320	1
472568180716879873	1
472563806938619904	1
472562766113677312	1
472562725521215489	1
472559575049461760	1
472548426694266880	1
472541553538637824	1
472540426420101120	1
472540273436680192	1
472538299111071745	1
472538149109788672	1
472535848320532480	1
472535573513895936	1
472531077580738560	1
472530984924372992	1
472530897468928002	1
472530863633092608	1
472530436552679424	1
472524290223800320	1
472521580141371392	1
472520763451650049	1
472520567233724416	1
472517059247874049	1
472513777976758272	1
472512232539324417	1
472511008058003456	1
472510042764500992	1
472509520191975424	1
472503490410213376	1
472500783372857344	1
472499516558409728	1
472497598897856512	1
472496238492135425	1
472495543311409152	1
472488790393901057	1
472478010319577088	1
472476963651981312	1
472476376239702016	1
472475022934564865	1
472473331372134401	1
472469564455133184	1
472465749488177152	1
472465479475683328	1
472460620995248128	1
472448464635564032	1
472444655892570112	1
472429610932514816	1
472422272784166913	1
472420155469737985	1
472413303864832000	1
472408466188144640	1
472401706979176448	1
472396811744051200	1
472355214415384576	1
472355140834713601	1
472290625275322368	1
472257238229192705	1
472251112461176832	1
472241839379345408	1
472230960855932928	1
472224229619154944	1
472223295639924736	1
472220579530285056	1
472219688286826497	1
472219165202599937	1
472216559671578624	1
472205957381246976	1
472198999731351552	1
472184747406688256	1
472174406278868992	1
472172765106417664	1
472162210614362112	1
472158631837073408	1
472143258165215233	1
472137322746892289	1
472134868714131457	1
472126982084636674	1
472122124199419904	1
472118817053999104	1
472094683418882048	1
472082992727621632	1
472064748906110976	1
472052670761824257	1
472046985990930432	1
472037010408894465	1
472000140329623553	1
471871090978217985	1
471858144306409474	1
471845009181147137	1
471830152130072576	1
471829577816612864	1
471829489409073152	1
471820952830242816	1
471819826873511937	1
471815695991582720	1
471814351796858880	1
471809756366376963	1
471808050215399424	1
471803210542620672	1
471792321013776384	1
471781009340776448	1
471772860919611394	1
471759427360813056	1
471744207649247232	1
471724840760930305	1
471705392205271040	1
471677065138552832	1
471646107458883584	1
471633445228404736	1
471554290033885184	1
471543822695288832	1
471533266189959168	1
471517656101953536	1
471505740591808512	1
471505729749532672	1
471505729749532672	1
471500540464361472	1
471494226795319296	1
471490647182946304	1
471489507590959104	1
471483446125023232	1
471482297389027329	1
471478630158450688	1
471457111281389568	1
471456967412957185	1
471454316759625728	1
471435866783895552	1
471431499133501440	1
471429305038557185	1
471425820238413825	1
471420888550608896	1
471406077402443776	1
471401617418616834	1
471391674992979968	1
471381204366004224	1
471377523956523009	1
471369171725742080	1
471357967993159680	1
471354455360028672	1
471346827720421376	1
471345969628741632	1
471338667160911872	1
471319265396527104	1
471312811931754498	1
471280957966675968	1
471275012213575680	1
471273943622758401	1
471266313722011651	1
471258510786039808	1
471241249702555648	1
471203526677651456	1
471171921686843392	1
471171409453252608	1
471158778017357824	1
471149195433639936	1
471142528209936385	1
471141599893020672	1
471127602741407744	1
471127341242908672	1
471122324331433984	1
471115784866263041	1
471105106222395392	1
471099557347328000	1
471098225752293376	1
471097360949714944	1
471094396939542528	1
471091545832431616	1
471081942621110272	1
471080533024595969	1
471076000584204288	1
471075434227326976	1
471070880769273856	1
471069612109725696	1
471067272229167104	1
471067059699613696	1
471061011881922560	1
471059215810039808	1
471056747126616064	1
471050487307841536	1
471049692051435520	1
471047158477512704	1
471040568840441856	1
471040279936790528	1
471031514013392897	1
471028325335719936	1
471023925703364608	1
471013690477936640	1
471011314241118208	1
471005020184653824	1
471003558092214272	1
470991611132784640	1
470982090457374720	1
470981770704211968	1
470979500453666816	1
470977267909554176	1
470970911710277633	1
470965831854477312	1
470964938429984768	1
470960003109912576	1
470958463045353473	1
470954323602444288	1
470953330978865152	1
470951983621632001	1
470946915153350656	1
470940680249180161	1
470934660009033729	1
470932761373863936	1
470920992110694400	1
470918960926302208	1
470905947905605632	1
470850614977900545	1
470830017006809088	1
470811403830317058	1
470803910307758082	1
470803161989783552	1
470795755960430592	1
470779615095844864	1
470771570957631489	1
470770219582230529	1
470767552063602688	1
470758193346658304	1
470756253195833344	1
470754629308153856	1
470750511642447872	1
470741965588688896	1
470736643641851906	1
470733634480402432	1
470733573289697280	1
470731829428101120	1
470721843109040129	1
470721843046141953	1
470716079556141057	1
470715179563753472	1
470713326226251777	1
470704988197761024	1
470704685972983808	1
470704405382049792	1
470704155544547328	1
470702896783581184	1
470701688479678464	1
470701675314163713	1
470701186505777153	1
470700999783751680	1
470690105167208448	1
470682768696152064	1
470680092608593921	1
470677166901178368	1
470675794705272832	1
470668759985057792	1
470662063682236417	1
470654437417947137	1
470654351128924163	1
470633371581046787	1
470631360575459328	1
470630310280179712	1
470627660222459904	1
470620097149554688	1
470605596744368128	1
470605480104960000	1
470600831104868352	1
470595189757984768	1
470584897447682048	1
470584599743959040	1
470580420393074688	1
470580186279608320	1
470576971165220864	1
470576403188940800	1
470560492545908737	1
470556702191132673	1
470553205706067970	1
470516406522765312	1
470462749747974144	1
470450242475675648	1
470439108461215744	1
470420463538032640	1
470416519222919169	1
470413486489866240	1
470409712907726848	1
470409247004844032	1
470408778979246080	1
470403432885792768	1
470396586208813057	1
470392879240994816	1
470392353669533696	1
470391548086329344	1
470389841083920384	1
470387237801054208	1
470375131932811264	1
470372142505553921	1
470370423494807553	1
470369442892087296	1
470368437748105216	1
470366186610626560	1
470363746490396672	1
470363329450758144	1
470361383646011392	1
470360442460966913	1
470359740816445440	1
470358736088088576	1
470356945380323329	1
470354295037362176	1
470353913011380224	1
470353047626207232	1
470352378227863552	1
470346966539313153	1
470340400402542592	1
470333708310814720	1
470329848259293184	1
470328807879352320	1
470326788552679424	1
470316255447367680	1
470315899657150464	1
470315786108555264	1
470312082395508736	1
470308417475997697	1
470306885204455425	1
470302391460696064	1
470301742702530561	1
470297886157471744	1
470289111241457664	1
470279291318841344	1
470279149119340544	1
470271855535083520	1
470271803689283585	1
470267790197141504	1
470266703318749184	1
470265295593275393	1
470258168883601409	1
470257475674193921	1
470252096080863232	1
470241215494242304	1
470240374536306688	1
470233601301553152	1
470228145095077888	1
470226979384741889	1
470225721131274240	1
470220802810732545	1
470207795363860482	1
470201261435158528	1
470191902139383809	1
470178757614243841	1
470147538822377473	1
470094931558948864	1
470086708483330048	1
470078367359045632	1
470072530553016320	1
470068383619506176	1
470067998821449728	1
470056663580684288	1
470056208175742976	1
470053784778186752	1
470045105529712640	1
470044320737656832	1
470042559666876417	1
470040276824637440	1
470039649457815552	1
470039565390991361	1
470038993942642688	1
470034983613370368	1
470030415341060097	1
470029895398359041	1
470028705096818689	1
470023901205237761	1
470023864526065664	1
470023166203789314	1
470021179051634688	1
470020089958653952	1
470016617116860416	1
470016192183554049	1
470001927388819457	1
470001551638294528	1
470000970395828224	1
470000065378263040	1
469999588737572864	1
469998626761351168	1
469997999368966144	1
469996822723706881	1
469995324946526208	1
469989014884204544	1
469988019685298176	1
469985364958920705	1
469984531320434688	1
469978896721780740	1
469966301906354176	1
469962845934088192	1
469962467448467456	1
469952110256484352	1
469950283594743808	1
469946033322348544	1
469945246059872257	1
469931058793029632	1
469922600656068608	1
469917284786794496	1
469913080642957313	1
469909107869499392	1
469897900584370176	1
469894671511334912	1
469843446031978496	1
469828071982653440	1
469821347200516096	1
469815153018802176	1
469806706524839936	1
469799185542565888	1
469766323971821568	1
469752658786807808	1
469724786013528064	1
469718516523098112	1
469714541254021120	1
469707415227998210	1
469707172020887553	1
469699604821577728	1
469695184817893376	1
469694334699577344	1
469690419606192128	1
469687049067692033	1
469673350164656128	1
469671503240650752	1
469657446882242560	1
469644375686131712	1
469644285001080833	1
469638081474084864	1
469632144223240192	1
469629124022398977	1
469629111237754883	1
469625882475511809	1
469618959197958145	1
469616640900861952	1
469614384101068800	1
469611212959797248	1
469610177499783170	1
469597890391048192	1
469595125375827968	1
469587861504032769	1
469586680664850433	1
469580354492575744	1
469577246412652544	1
469560017684017152	1
469554135101366273	1
469546385621397504	1
469529444697141249	1
469516771649941504	1
469493937192042497	1
469493316971925504	1
469479090169585665	1
469476578884608000	1
469464853061828608	1
469456285654859778	1
469449922312294400	1
469364277854605312	1
469356754531545088	1
469343145021300736	1
469341443619033088	1
469338651575721984	1
469327996726546432	1
469325235628826626	1
469323518824710144	1
469320472988221440	1
469319007741685760	1
469314790188679168	1
469308353441959936	1
469307789060616192	1
469307699046666240	1
469305429760421888	1
469303314161885185	1
469299183665819648	1
469295428249591808	1
469283218969993216	1
469275375022141440	1
469272745327751168	1
469268356147994624	1
469247259784519680	1
469225207581122561	1
469185314716921856	1
469168580068900864	1
469164010424635393	1
469159225504301056	1
469140959788552192	1
469136065505542144	1
469120992304840705	1
468998367259803649	1
468989387527557120	1
468985687165767681	1
468971951089004545	1
468957554023084032	1
468953529919741952	1
468952670964051968	1
468923729758920706	1
468919984480354304	1
468919931665657856	1
468918957924442114	1
468914164107599874	1
468913619846316033	1
468913287284154369	1
468913041455988736	1
468907969804259328	1
468901964450123776	1
468896438685290496	1
468896346653876224	1
468893304437100545	1
468892646245924864	1
468889952655511553	1
468888762437873664	1
468888370362728448	1
468867377808281601	1
468866459599667200	1
468864425882292225	1
468853703160905729	1
468840614969085953	1
468840568500813824	1
468823677724012544	1
468820442560876544	1
468752488020312064	1
468752250329104384	1
468725979666337792	1
468617220361580545	1
468606874083139584	1
468603045119787008	1
468594619572568064	1
468576291072245760	1
468569087132844032	1
468551723163066368	1
468548111841771520	1
468545411490529280	1
468541956856221696	1
468538461478457344	1
468537291473170432	1
468534816326311936	1
468534711682605056	1
468534336137199616	1
468527569009393664	1
468522371553705984	1
468514707000000512	1
468490151002656768	1
468478330497675264	1
468458801704624130	1
468452640419246080	1
468452330615373825	1
468451353631940609	1
468442243515162625	1
468423309450051584	1
468415346211565568	1
468406004561235968	1
468272803771588608	1
468270513295745024	1
468252663000215552	1
468236649013706752	1
468224042109915136	1
468214500525887488	1
468209947424333824	1
468196253080100864	1
468191408697139200	1
468187686218768384	1
468180711271596032	1
468176686832705536	1
468173699490009088	1
468167444373446656	1
468163034280902656	1
468157903829225472	1
468153323275976704	1
468141829981216769	1
468135612579848192	1
468130871925829632	1
468124042273509376	1
468118993363279872	1
468110606000615424	1
468108280275808257	1
468105919721910272	1
468102171938930689	1
468095314050572288	1
468094646938505217	1
468089944175828992	1
468089426409975809	1
468086825152954368	1
468083533056319488	1
468075949251362816	1
468061381259173888	1
468060123257384960	1
468059718616096768	1
468055204118933504	1
468048781326688256	1
468047326427099136	1
468037134969237504	1
468035094322905088	1
468032451181543424	1
468030852631638016	1
468018192544444418	1
468005861521391616	1
467929166181335040	1
467923022230585344	1
467902570741002240	1
467893416572231680	1
467887075375992832	1
467886926918598656	1
467886388621627392	1
467881707660902400	1
467878979899518976	1
467877816668024833	1
467875831772360704	1
467872659221786624	1
467870962332237824	1
467867836749451264	1
467856937603055617	1
467851144019312640	1
467850214267572224	1
467840770011983875	1
467837011072917504	1
467835133093896192	1
467834254165286912	1
467834141946699776	1
467833294294634497	1
467832728839131136	1
467832620794261505	1
467826721191104513	1
467822130789621760	1
467812616786948096	1
467803406954799104	1
467779015793991681	1
467776428193619968	1
467774645786382336	1
467767515624390656	1
467761957215682560	1
467758973605920768	1
467754373633048577	1
467739816063287297	1
467715358539800576	1
467712549497352193	1
467701662074044416	1
467692381077118977	1
467681257007374336	1
467674583920021505	1
467659232155009025	1
467655993162076160	1
467655607911477248	1
467642508756127744	1
467617536159514624	1
467583615032111104	1
467566835747926017	1
467545241218596864	1
467541388800696320	1
467541246232506368	1
467538844154626048	1
467534318005649408	1
467532542804234240	1
467531529896611840	1
467511082954027009	1
467510939269734400	1
467509754571812864	1
467505056993275904	1
467498864556376064	1
467497347342413824	1
467495808364216320	1
467492725168689152	1
467488565493235712	1
467485230849617920	1
467484617197760512	1
467483284847747072	1
467483063254269954	1
467482803987554304	1
467480887396139009	1
467478623004663808	1
467472841651544064	1
467469732552409088	1
467468844081360897	1
467468000233525248	1
467435495170277376	1
467428934062460928	1
467425343641370624	1
467415741831348224	1
467399867841937408	1
467387406551769089	1
467370966612705282	1
467350352849678337	1
467338997334040576	1
467333774439497728	1
467332169783070721	1
467316488039563266	1
467315843614146560	1
467275141538656256	1
467197953187512320	1
467193454364471296	1
467183398419963904	1
467177534095106048	1
467175593872982016	1
467168614945398784	1
467165430101336064	1
467152600216129536	1
467150588363681792	1
467150492641271809	1
467150360101261312	1
467150338529968128	1
467148901318152192	1
467147305658093568	1
467139452805328896	1
467139338141048834	1
467138006009540608	1
467131822078693376	1
467126321756528640	1
467125174329176064	1
467124357324877824	1
467123227626848256	1
467117191331315713	1
467112972113158146	1
467110849610792960	1
467110739053137920	1
467109534134439936	1
467105106274418688	1
467103914303971328	1
467103812084584448	1
467093166907486208	1
467083655366844416	1
467082187611701249	1
467081909697511424	1
467080643466493952	1
467077066266279936	1
467076098795532289	1
467074286306729987	1
467074144551845888	1
467072160985391104	1
467070151574056960	1
467067427390369792	1
467065541950062592	1
467059110689918976	1
467058687883104256	1
467043434843602945	1
467040120814972928	1
467034795961516032	1
467034589320716288	1
467025901776293889	1
467016509315747841	1
467016445667606528	1
467013976656998400	1
467012248159133696	1
467001281228603392	1
466994752492036096	1
466988103127691264	1
466984122720976896	1
466980302221758465	1
466967479861116928	1
466964370346766336	1
466961806637137920	1
466956517204557824	1
466955728788680704	1
466951848231182336	1
466944896591740928	1
466938717660545024	1
466937564688306176	1
466934829510959104	1
466932706623127552	1
466921483508666368	1
466919979011809280	1
466903334625218561	1
466837522489040896	1
466834343038820352	1
466814916532641792	1
466800090959867904	1
466789449943511040	1
466786906689515520	1
466785499265265665	1
466772672765231104	1
466766643373543424	1
466766592672825344	1
466758324461912064	1
466749779910066176	1
466743007388377088	1
466740564411830272	1
466739626578026496	1
466731068486586368	1
466716765880213504	1
466715388122628097	1
466714503011651584	1
466710504703287296	1
466710502899335168	1
466708017791385600	1
466705785163370497	1
466704388288176128	1
466700915190550528	1
466700719740170240	1
466699318003765249	1
466687746883743744	1
466667176683134976	1
466662814585597952	1
466653660286820352	1
466648583836418048	1
466633397868457985	1
466630799585202176	1
466630132825088000	1
466627328999972864	1
466621130745585666	1
466617933217927168	1
466596178193555456	1
466536102572990464	1
466473341935960064	1
466465333948465152	1
466428426686332929	1
466419031965446145	1
466408085062709249	1
466405318680133634	1
466402762985861122	1
466400629079166977	1
466399528401506307	1
466398464696676353	1
466397642638249986	1
466396866390032384	1
466393041511915521	1
466391225369907200	1
466390611487358976	1
466389702808190976	1
466386305119956992	1
466376431334064129	1
466374708393680896	1
466370952520294400	1
466369430671618048	1
466362283384635393	1
466358435412738048	1
466344202541223937	1
466338496928808960	1
466333148226547713	1
466329752740323328	1
466319126345293824	1
466317690718912513	1
466315779403943937	1
466310771010707456	1
466310215642923009	1
466307880048947200	1
466300823568678913	1
466298265705922561	1
466281187561185283	1
466274839699812352	1
466274646468603904	1
466271680957267968	1
466266397556101120	1
466258201403748354	1
466253120679714816	1
466242365984755712	1
466196827097026560	1
466101467292901376	1
466067302413524993	1
466065171014623232	1
466059882593275904	1
466059573355614209	1
466058993123594240	1
466058910211014656	1
466056666610290689	1
466051778073473024	1
466051778073473024	1
466047500475203584	1
466044285310488576	1
466044159443226625	1
466043208599085056	1
466042176124624897	1
466033967901458432	1
466028362948153345	1
466024480720965633	1
466007234473107456	1
465996399797350400	1
465993673407475712	1
465993494340071424	1
465991388321300480	1
465988261442490368	1
465986929079885824	1
465979018769367040	1
465978096156676096	1
465976174082928640	1
465967624418246656	1
465964996636467200	1
465964014196232192	1
465962461829824512	1
465962321249312768	1
465960096749875200	1
465938999043833857	1
465933504833130497	1
465930921389350913	1
465927348052049920	1
465914588899598336	1
465898020849336320	1
465886375938899968	1
465874802474237952	1
465858754823876608	1
465854789348511744	1
465852768566398976	1
465743829052952576	1
465738374998163456	1
465728460787552256	1
465696194359230464	1
465692301939843072	1
465686258912468992	1
465677183839920128	1
465674118667702273	1
465671657487880192	1
465670808036462592	1
465668328460386305	1
465658981646884864	1
465647420068884480	1
465638262485549057	1
465638255376228354	1
465637889075052544	1
465630362279116800	1
465620706911617024	1
465618993400004608	1
465618127372713984	1
465613729829511169	1
465601177955348480	1
465585695512211456	1
465583974258339840	1
465582192421502977	1
465576815202148352	1
465575244481060864	1
465570747276984320	1
465569400889032706	1
465556352824123393	1
465555536499732481	1
465549027036381185	1
465539822837579776	1
465537782933622784	1
465531357536727040	1
465521341853360128	1
465520520134660097	1
465517354194329601	1
465516721546489857	1
465516590688370688	1
465513215829360640	1
465512122144010240	1
465510229091045376	1
465504268838264832	1
465495005172625408	1
465492011902971904	1
465490766769684480	1
465460371462324224	1
465458355410960385	1
465457228435431424	1
465439874917888000	1
465404489810591744	1
465395482085171200	1
465387850003779585	1
465380650036756480	1
465374085955219456	1
465366080152961024	1
465365645874708481	1
465356410499248128	1
465354453017980928	1
465353483064201216	1
465351207264219136	1
465350475571658752	1
465346330165248000	1
465343719622049793	1
465341810546847744	1
465339027559034880	1
465338163637284864	1
465337222716461056	1
465324118754492416	1
465312812144021504	1
465309056366682113	1
465308235671826433	1
465300846750994433	1
465300620833202177	1
465299940399251456	1
465299076330713089	1
465293965265502208	1
465291679512002561	1
465290598229233664	1
465288834494652416	1
465280538895745024	1
465276355861811200	1
465271637969874944	1
465270622126604288	1
465269743021473792	1
465267658699833345	1
465266178534178816	1
465261681191706625	1
465256527054790656	1
465252674829828096	1
465242736388755457	1
465241254956396544	1
465239323873255424	1
465228348588064771	1
465226047794196480	1
465225592598986753	1
465222616178245634	1
465212122599682048	1
465194431294242816	1
465193338724167680	1
465190194598400000	1
465186002685145088	1
465173877229117440	1
465167017885319169	1
465152455190532096	1
465137642750115840	1
465126918615228417	1
465120036345380864	1
465116209886007296	1
465113726010400769	1
465041646523252737	1
465027296353873920	1
465024967281631232	1
465017533394071552	1
465017400594014208	1
464997824082767872	1
464994404974219265	1
464991459796856832	1
464990733070774272	1
464990576811999232	1
464982393208975360	1
464982159049367552	1
464976787857215488	1
464968584964239360	1
464966022207123456	1
464963522187653121	1
464959770789961728	1
464955317613527041	1
464953680521740288	1
464947640502087680	1
464941042928988160	1
464940876687769600	1
464935696978157569	1
464935193711628288	1
464918506618621952	1
464915758339072001	1
464909009221611520	1
464905707444117504	1
464902708865290240	1
464898225292705794	1
464895155443879938	1
464892443775991808	1
464892201227395072	1
464889333120770048	1
464885843161669632	1
464884545465372672	1
464868382899445760	1
464865950521909248	1
464864010907971584	1
464852144554643456	1
464836942467973120	1
464833916491550722	1
464831272091926530	1
464824778789232640	1
464811292235411456	1
464805775840641024	1
464805275615383552	1
464795856445898752	1
464795435266498562	1
464778468593393666	1
464761378860191744	1
464755925048229890	1
464754699934371841	1
464740579143069697	1
464717700061614080	1
464648677337083904	1
464626869653209088	1
464625867864670208	1
464620852508884992	1
464620802521174016	1
464616551656984578	1
464616203651399680	1
464614418832437249	1
464610643308711937	1
464610590607306754	1
464608564112535553	1
464597480303525889	1
464596491462803456	1
464596124486344704	1
464588798639484928	1
464588773817614336	1
464585830867431424	1
464584631309045761	1
464581173487095810	1
464569131384451073	1
464568059039318016	1
464567645095071744	1
464567539696431105	1
464565753346527232	1
464565543027363840	1
464560478430453762	1
464555713399119872	1
464550568321880064	1
464546723218878464	1
464544247589638144	1
464541698295885825	1
464540111687155713	1
464536516916957185	1
464535538163531777	1
464529261538574337	1
464519507931721728	1
464514161847066624	1
464492794317668352	1
464488601074814976	1
464484164419350528	1
464478170629308418	1
464474309206233088	1
464471637413601281	1
464468438849949697	1
464461431736635392	1
464458465457762305	1
464454443627741185	1
464444014176268288	1
464438282496270336	1
464432805649588225	1
464416837111775232	1
464415382552719360	1
464402832180133888	1
464399510555201537	1
464378694031515648	1
464301519622635520	1
464300264543903744	1
464283295841148929	1
464279217652629504	1
464255104355688448	1
464253122115026944	1
464252141725822976	1
464249264596848641	1
464249163698696192	1
464240486002094080	1
464236414864203776	1
464234789625925632	1
464233745852428288	1
464233580089311232	1
464229277710684160	1
464226298949566464	1
464225846757453824	1
464222271360737280	1
464215193795702784	1
464215065475166208	1
464210439392755712	1
464210005890449409	1
464209504104898560	1
464203780209532928	1
464202972457889792	1
464199930123665408	1
464194045825519616	1
464188626403065856	1
464181719751344129	1
464181046943444993	1
464179400200552448	1
464179274296340480	1
464162494232424448	1
464159789468352512	1
464148677146447872	1
464125106797965312	1
464118383294701569	1
464104727798480896	1
464093688121946112	1
464055263809392641	1
464054686266314752	1
464044836119531521	1
464038326840737794	1
464027020045721602	1
463961995893432323	1
463935897650860033	1
463928977195679745	1
463864016788418561	1
463863582229135361	1
463863357708042240	1
463857057062322176	1
463827030954356736	1
463823368207089664	1
463822553585180672	1
463818796424126464	1
463817885161234432	1
463814425909026816	1
463811719861514240	1
463804853139959809	1
463798384206172161	1
463796981748346880	1
463792301290958848	1
463788022484324352	1
463784216660959235	1
463768913176973313	1
463761854591139840	1
463748696224841728	1
463740268047372288	1
463735431784579072	1
463734743054307328	1
463727343698448384	1
463717361355616256	1
463716024647692291	1
463714358816964608	1
463711618065780736	1
463684688474038273	1
463680136915984384	1
463629255327240192	1
463625019378380800	1
463584633930911744	1
463540761972068352	1
463533874279350272	1
463514712097837056	1
463511390125584384	1
463506396873777152	1
463500665164419072	1
463496409254469633	1
463491248645750784	1
463487117583085568	1
463467605417005056	1
463464222437826561	1
463462411526504449	1
463454561043513344	1
463449137858371584	1
463444413390540800	1
463441969554153472	1
463428818179350528	1
463427936520249344	1
463425314274955264	1
463406140051558400	1
463398282606411776	1
463396310897655809	1
463384975988260864	1
463338560901222402	1
463325047382212608	1
463313092592816128	1
463274293368193024	1
463256943289581568	1
463252568840220674	1
463169779298095105	1
463151646181048321	1
463137075047706625	1
463130094564020224	1
463126501022392320	1
463126261465088001	1
463110582565355520	1
463108577918738432	1
463105267845316608	1
463101553604583424	1
463099825207406592	1
463098638756220928	1
463096648793882624	1
463094104961073152	1
463086312577175552	1
463083067268427777	1
463079209405923328	1
463078890437505025	1
463059058090446848	1
463058500890161152	1
463049012283965441	1
463042140432789504	1
463042084304588802	1
463030309190402049	1
463027370535178240	1
463027053759954945	1
463023260461178881	1
463023138721124352	1
463019763321798658	1
463012191122096130	1
463009212092538880	1
463007952841211904	1
463001270853582848	1
463000189557407745	1
462983043268235264	1
462977244420657153	1
462972900073803776	1
462972795216220160	1
462967270042771456	1
462958948187127808	1
462947005179121664	1
462940423665643520	1
462938548245897217	1
462937708034527232	1
462851276624388096	1
462847681174704128	1
462843229608898560	1
462843146104496129	1
462835824179302400	1
462835667941089280	1
462835022731681792	1
462832967191375872	1
462827132218257408	1
462824389956751360	1
462824149887774720	1
462814145889701889	1
462811439468924929	1
462807735294521344	1
462804066490658816	1
462802816596467712	1
462802546453516289	1
462802037500293120	1
462799173277192194	1
462799155350757376	1
462798755847499776	1
462798113607266304	1
462794515355406336	1
462791903906639872	1
462786431736614912	1
462785393730277376	1
462781614607446016	1
462781340522647553	1
462779128144732160	1
462775472536186880	1
462774508932591616	1
462773762614910976	1
462770628685471744	1
462769456222322689	1
462769385128857600	1
462758473235591168	1
462757326282579968	1
462754326117892096	1
462751617146957824	1
462749391334682625	1
462744662973755392	1
462740671330136065	1
462740643194748928	1
462740211386966016	1
462734789485658112	1
462733258149470209	1
462717493660749826	1
462713711111569408	1
462713638675963905	1
462707068831805440	1
462702981591597056	1
462702664263143424	1
462699445029961728	1
462694675087118338	1
462694215533608960	1
462693706903351296	1
462693494927409152	1
462685068776202241	1
462676090881060866	1
462666020336173056	1
462664374445150208	1
462662037458280449	1
462657302643105793	1
462647873176621056	1
462646948055351296	1
462646602164084736	1
462644706649055232	1
462636969638375425	1
462629593237577729	1
462628386523713537	1
462628015479226368	1
462619015064854528	1
462613725393211392	1
462601970495520769	1
462601734536171520	1
462596958084149250	1
462593664745611264	1
462588644122198016	1
462586795402993664	1
462584296864509952	1
462580969866665985	1
462577520068812800	1
462507145721036800	1
462485319346946048	1
462483743605678080	1
462478714693890048	1
462477498920730624	1
462474650229166080	1
462470507422420992	1
462470458256789504	1
462468459377332224	1
462465556592230400	1
462464253903904769	1
462463788873428992	1
462460276189573121	1
462460249501609984	1
462458270343786497	1
462454590328541184	1
462451182141571073	1
462447101218025472	1
462445721539444738	1
462442278997741569	1
462441525847543808	1
462439024352047104	1
462438897646329856	1
462438007489187840	1
462434863266930689	1
462431841635803136	1
462423505179398147	1
462423148982321152	1
462422787261759488	1
462421107841056769	1
462420232468832256	1
462416792544358400	1
462415120551776256	1
462413842824577024	1
462407736459026432	1
462407705257574400	1
462401203754651648	1
462399512057610241	1
462398728381669377	1
462394730790141953	1
462392371721023488	1
462390431989641216	1
462386358372167680	1
462384355378491392	1
462382072598761472	1
462381391603175425	1
462377275221360640	1
462373420882460672	1
462373388607303681	1
462371727079907330	1
462368705553645568	1
462366271938768896	1
462365344058077184	1
462363725006397440	1
462361676919353344	1
462361667683487744	1
462361372181794816	1
462361350053048320	1
462357648780693504	1
462353251422044160	1
462351420675862528	1
462351360705716225	1
462349137984651264	1
462345659140800513	1
462345588533915648	1
462337868124655616	1
462337254007275521	1
462322534742904832	1
462320242958815232	1
462320048863182848	1
462318192837541889	1
462315904945360898	1
462315605094592513	1
462307138304765953	1
462305284997013504	1
462302211801104384	1
462278480550707200	1
462277728444502016	1
462252360874885120	1
462246834698596352	1
462246300109393921	1
462237873807187969	1
462233653305937920	1
462232647386013697	1
462225090428829696	1
462224801927409664	1
462116526938947584	1
462115094613467136	1
462093892482265089	1
462088462837882880	1
462087240928493568	1
462087052087930880	1
462085884310212608	1
462070875928682496	1
462070796655935488	1
462068133575262208	1
462067495679963136	1
462067352990121984	1
462052486921330688	1
462046946367381504	1
462044183390601216	1
462042401796653056	1
462040360408350720	1
462028398886670336	1
462026639149658112	1
462022692741578752	1
462018549544800256	1
462016988165206016	1
462016584072982528	1
462015870257344512	1
462013869414973442	1
462009586674044928	1
462009187862458368	1
462009114361876480	1
461998743521611776	1
461992321316556801	1
461980032051982336	1
461960398464643072	1
461960149939539969	1
461958011032854528	1
461957803708387328	1
461949937136451584	1
461934487769600004	1
461901881220952065	1
461901365300969472	1
461896882336194560	1
461890090021564416	1
461887950528454656	1
461870603822043136	1
461870213764354048	1
461870108768354306	1
461861396255637504	1
461856095020257280	1
461853618589954048	1
461835548374482946	1
461768984019226624	1
461750895156293632	1
461748305840844801	1
461739778010906624	1
461734594409398272	1
461733419014422528	1
461732146429063170	1
461730055241351168	1
472855286156640256	1
472855102278340608	1
472814314035097600	1
472637564571369472	1
472608535633600512	1
472540607563309058	1
472254464074981376	1
472195704685744129	1
472170113350008832	1
472033901125599232	1
471884265878077441	1
471665078753058816	1
471563193639514112	1
471561982630715392	1
471444927583629313	1
471442463920775168	1
471356751934410752	1
471096668105211905	1
471087007486455808	1
471037238458204160	1
470968843628969984	1
470947464280047618	1
470774465459388416	1
470771987405877248	1
470763943561281536	1
470740388148678656	1
470722397700882432	1
470682265593196545	1
470412578058141696	1
470188440303460352	1
470102671337488384	1
470082101787000832	1
470071355782987776	1
470018814537920512	1
469985824608514050	1
469868092865400832	1
469696704459976705	1
469684443649933312	1
469577169279410177	1
469532979610796033	1
469469307366543360	1
469279297283584000	1
469244035836944384	1
468952391866667010	1
468929500655661060	1
468900547027013632	1
468479111002734592	1
468478433669177345	1
468188156010188800	1
467831338486468609	1
467826016074084353	1
467805604682432513	1
467763072191717376	1
467761219345342464	1
467746177925271552	1
467744974579433472	1
467703043887476736	1
467499681564880896	1
467479178171146240	1
467364272310616064	1
467162746816315392	1
467149056469635072	1
467111040933965825	1
466984906082357248	1
466743431768080384	1
466666844859146240	1
466431934479220737	1
466413633057341441	1
466389350037868546	1
466386314963976195	1
466382317024739331	1
466333432566775811	1
466291524783714304	1
466265093060456449	1
466259833822654464	1
466217733307502593	1
466027152073568256	1
466019889619427329	1
465926645942341632	1
465799052169576448	1
465671440466194432	1
465630805029429248	1
465619851961069568	1
465557949331800064	1
465347808917086210	1
465343466902663168	1
465339062380163072	1
465307966242299904	1
465303567893794816	1
465241879416946688	1
464978757875671041	1
464945750045380608	1
464927803264098305	1
464890321131024384	1
464882160688570368	1
464858162529837056	1
464797452768673792	1
464549877012529153	1
464547616844685313	1
464513549067644928	1
464419616136372224	1
464365143917600768	1
464162807261724672	1
464132574445436928	1
464039172215296001	1
463808667024777216	1
463737023418073088	1
463693197596561409	1
463670312861986816	1
463512470494396416	1
463502871498326016	1
463479150507208705	1
463462188670550016	1
463188205827670017	1
463141842389704704	1
463092678901919744	1
463046167551807489	1
463045053842485248	1
463028542616662017	1
462994914205523968	1
462951711053586432	1
462821676825456640	1
462789361914769408	1
462749868747128832	1
462743777774272512	1
462725818930970624	1
462706420052287489	1
462700278329126912	1
462680232894664704	1
462623201861066752	1
462473218314731520	1
462444050931404801	1
462414051738681344	1
462392874492231681	1
462355983017447424	1
462350333679632384	1
462313926261489672	1
462310599016591361	1
462098726962470914	1
462091826380673024	1
462054184280653824	1
461991536910409731	1
461978636795777025	1
461969407821238274	1
461901637749985280	1
461718545634951168	1
471045029600190464	0
470599305372659712	0
470674474019618820	0
470379378187063296	0
470122105393000448	0
462444266011103232	0
472757377260081152	0
472754113483407360	0
472593764595560448	0
472568786865094656	0
472563455212670976	0
471478035577712640	0
471340644905271296	0
471319932991307779	0
471261433486118912	0
470827586164391937	0
470770470334504960	0
470623979620040704	0
470587533748076545	0
470469726800707584	0
470400586933084160	0
470177714083598338	0
469913328413081600	0
469874432182591489	0
469472628898791424	0
469425634079301633	0
469219748031787009	0
467856408566718465	0
467468405189386240	0
467431052727042048	0
467136503899254784	0
466987053226287104	0
466304149555281920	0
466066185411649536	0
465911763498958849	0
465769015659732992	0
465743993943621632	0
465492375629201408	0
465388206289342464	0
465330329340112896	0
465327101638627329	0
465323166978428929	0
465297787908030465	0
464991180460412928	0
464963280151527424	0
464616060172644353	0
464438240125411328	0
464277487590313984	0
464221181932212224	0
464213623922237441	0
463964845834915840	0
463480172021575680	0
462936820054257664	0
462831473872371712	0
462808177411915777	0
462786864215523328	0
462718117559668736	0
462703361180303360	0
462697925198348288	0
462673611544092673	0
462487093798006784	0
462474758320189440	0
462395947147075584	0
462365038892683264	0
462323500896632832	0
462075181771399168	0
462038976157995009	0
461723284162502656	0
469719528977342465	0
469526155046158336	0
463516617184260096	0
472946087444353024	0
472942579097812993	0
472926753741348864	0
472920081132167169	0
472895637596291072	0
472892216315490304	0
472870701696045056	0
472816949505040384	0
472794236467675136	0
472753940548042752	0
472744621366603776	0
472743033696694272	0
472706244092784640	0
472630896215228416	0
472621583618805760	0
472611556921200640	0
472594324790992896	0
472587730653028352	0
472579139812491264	0
472545333616996352	0
472538663956799488	0
472518552055218176	0
472510094895501312	0
472499899624591360	0
472428056188289025	0
472417742264360960	0
472414841194311680	0
472386001030365184	0
472342882301784064	0
472259313944502273	0
472224504274747392	0
472218620698066944	0
472205304466505728	0
472196057750056961	0
472189115442954240	0
472098448896823296	0
472089495584931840	0
472048137549668352	0
471891198106296321	0
471841653054263296	0
471822126752620544	0
471806658142695427	0
471769900579446784	0
471730974477549568	0
471705364652904448	0
471703588113498112	0
471676785323945984	0
471652202285895681	0
471510582588604416	0
471509849940180992	0
471504684835151872	0
471484366477348865	0
471478878457065472	0
471465644358397952	0
471448421849903104	0
471420276740067328	0
471416437148364800	0
471412426135453698	0
471132653530271745	0
471127186985222145	0
471117419055185920	0
471115658223034368	0
471083602323988481	0
471072228403318784	0
471050291207741440	0
470966562883903490	0
470942796644630528	0
470929324804423680	0
470817419410550784	0
470805882692198400	0
470794038464233472	0
470781002001166336	0
470770261135196161	0
470760549094268928	0
470752475411402752	0
470714134087352320	0
470650448350031872	0
470629752890724352	0
470600510555561984	0
470561335148027904	0
470491786721624065	0
470449843526045696	0
470435936463908864	0
470422610900434945	0
470421538123304961	0
470421283638099968	0
470413684532314113	0
470398878295289856	0
470397018783768577	0
470396323171401728	0
470383915572936704	0
470368360882925568	0
470336763660357632	0
470331906408845312	0
470299658754211840	0
470248875002179584	0
470107793794805760	0
470095617327652864	0
470093586173014016	0
470078293480583169	0
470044990417412096	0
470036121549029376	0
470029944240623616	0
470019643663339520	0
469999640377827328	0
469993649434918912	0
469977611960320000	0
469975906363392001	0
469964116757864449	0
469962473622097921	0
469675805917073408	0
469653640253558784	0
469638577899720704	0
469523647301177344	0
469493289075621888	0
469331324449591296	0
469306576575422465	0
469302264868663296	0
469296842854117376	0
469294987964727298	0
469282186567647232	0
469280904196939777	0
469258320365498368	0
469254124224413696	0
469253185836560384	0
469207698106376192	0
469173912212111360	0
468995136463310848	0
468972513301905408	0
468956504805355520	0
468953161626292225	0
468947585122967552	0
468941955058397184	0
468893320782307329	0
468893134752342017	0
468811779129507841	0
468642737651466240	0
468594493181407233	0
468573194342133760	0
468554961945907200	0
468554865405202432	0
468522344768884737	0
468507028319506433	0
468505205525344256	0
468496308957761536	0
468491609198587905	0
468460156779778048	0
468443092287500288	0
468239697232556032	0
468221241762283522	0
468219145893707776	0
468203055004278784	0
468198835886751744	0
468190855845908480	0
468183778134077440	0
468177957421604864	0
468177078240964609	0
468173196026732544	0
468122130308407296	0
468115070762094592	0
468081520205660160	0
468053963196362752	0
468026692351819776	0
468022209660084224	0
467928162257481728	0
467917164674961408	0
467915139367600128	0
467903410906624000	0
467893054817705984	0
467892848734797824	0
467880904946642944	0
467864561388105728	0
467860684643241984	0
467859606668976129	0
467852182998777856	0
467792980535812096	0
467785445917868032	0
467745282415792128	0
467743091365928960	0
467675546021658624	0
467663949333549057	0
467637480112803840	0
467632371387625472	0
467554658207404033	0
467546179572883456	0
467520388185223168	0
467516843201003521	0
467512869006114816	0
467508580736700417	0
467505180356149248	0
467479005797425152	0
467459496714178560	0
467422544220676096	0
467388164433522688	0
467374983610900481	0
467358208131338240	0
467357137698430976	0
467348744753926145	0
467329127532355585	0
467165062063738880	0
467157940890513408	0
467139675694837761	0
467115790194737153	0
467108827239038976	0
467090233750994945	0
467087821233483776	0
467079293261324288	0
467045491961004032	0
466766892666224640	0
466758291889352705	0
466611210285092864	0
466589303146287105	0
466579138367991808	0
466488828644294656	0
466432250029277184	0
466422816691474432	0
466406443391148034	0
466404061026484224	0
466402528599756803	0
466398584033013762	0
466395742605938688	0
466375227187154944	0
466371429358112769	0
466355387227439104	0
466303088874516480	0
466302193877123072	0
466266397556101120	0
466164772174843904	0
466120339290718208	0
466070258038493184	0
466050511670870016	0
466016766335127553	0
465996588486500352	0
465947700891238400	0
465927148306706432	0
465903834129514496	0
465880467989098496	0
465877713560285185	0
465870904795598848	0
465870128848961537	0
465865180170031104	0
465803948080005120	0
465714557823242240	0
465691916542025729	0
465669331901497344	0
465669130839154689	0
465668798519836673	0
465665263321759744	0
465661085505585152	0
465650512868958208	0
465646374608834562	0
465634851476226048	0
465625633905991680	0
465599229424308225	0
465567443893891073	0
465553267968475137	0
465552893810966528	0
465544212222869504	0
465517873629122561	0
465517526823469056	0
465479818939998208	0
465477336700583936	0
465373623428329472	0
465370327355498496	0
465370141401038848	0
465369483800870912	0
465361301234253824	0
465354425213530112	0
465349680843726848	0
465337966437871617	0
465326771030986753	0
465323535343579136	0
465322822009884672	0
465312166703562752	0
465311945818931200	0
465302805130252288	0
465301670042558465	0
465287364173389824	0
465284059133124609	0
465274532203597824	0
465274108243345408	0
465249986343874560	0
465245934553554944	0
465205558081884160	0
465189824635609088	0
465189608150798336	0
465098575681044480	0
465083118630629376	0
465016032542081024	0
465011700715233280	0
464986419073921025	0
464936227276591104	0
464932093790011392	0
464925047639916545	0
464919950105522176	0
464899625389150208	0
464889925532680193	0
464868944550309889	0
464867900906799104	0
464856993233387520	0
464846893009604608	0
464785895804006400	0
464785326167576576	0
464637076752039936	0
464612336679276544	0
464610222070579202	0
464592811028131840	0
464592456785620993	0
464588239421313026	0
464584426610249728	0
464583846525431809	0
464582655183691778	0
464582426598313984	0
464566457486282754	0
464561033999548416	0
464556496475672576	0
464541722035638276	0
464467779576676352	0
464455858584567808	0
464265376000663552	0
464265254466510848	0
464248703323504641	0
464245726542069760	0
464237262713024512	0
464226734561579008	0
464168109725593600	0
464139401761914881	0
464050042517479424	0
464047658739322880	0
464008635933147137	0
463917390024421376	0
463914787567443968	0
463888475821862912	0
463866036924600321	0
463860050302218244	0
463831045893140480	0
463809041404162048	0
463780787121184768	0
463751381883842560	0
463726999182131200	0
463725727188541440	0
463697687721037824	0
463687066199814144	0
463529637969408001	0
463515117930708995	0
463487359338971136	0
463485810256658432	0
463387006111072256	0
463378011480260610	0
463369381440147456	0
463300967933288449	0
463226734717190144	0
463206674598088704	0
463172270492356609	0
463145268230103043	0
463136533738815488	0
463132105665691648	0
463126902426046464	0
463125354421288960	0
463120389103951872	0
463114327147683840	0
463097319554949120	0
463075175118819328	0
463067605948194816	0
463010240599183360	0
463006793502052352	0
462962925380980736	0
462959118593314817	0
462883211819761665	0
462855993706438657	0
462842311659905024	0
462837660290387968	0
462833817355821056	0
462828357382852610	0
462812067599106049	0
462799403334787072	0
462796249167826944	0
462789001783836672	0
462787047904665601	0
462770287583703040	0
462756852884049920	0
462749217962749952	0
462731337829720065	0
462728434058162176	0
462719327863848960	0
462705653874974720	0
462691159455039489	0
462671808974831617	0
462665631771688961	0
462643373573439488	0
462618331665952769	0
462617813791039488	0
462616104926740482	0
462613211234443264	0
462509843564466176	0
462475241495609345	0
462471234828398592	0
462460000116690944	0
462445655152013312	0
462440139407753216	0
462430786533085184	0
462425573516521472	0
462380855735095297	0
462374514567811072	0
462366916280320000	0
462342163905257472	0
462318710095872000	0
462271056192212993	0
462258994120499201	0
462251980313083905	0
462242002411606016	0
462240583885803520	0
462240153424379904	0
462233906679259137	0
462210809565691904	0
462193895544467456	0
462178429681803265	0
462119718368071680	0
462092536907972608	0
462073310709547008	0
462052342800453632	0
462049404107497472	0
462029059523117056	0
461968606369046528	0
461930120538624000	0
461924439110987776	0
461915966549405696	0
461903960358780929	0
461896447999238144	0
461866367444979712	0
461785715760975872	0
472558664054616064	0
472481296078602240	0
472470391416700929	0
472101599767052288	0
471704656826355712	0
471658922957606912	0
471534626549555200	0
471455860250906624	0
471120447288123392	0
471048092788457473	0
471038512209616897	0
471020418288328704	0
470816011155824640	0
470749511011536897	0
470740850440667136	0
470691234961719296	0
470665450192650240	0
470425006472982528	0
470361493746503680	0
470330710012997632	0
470303874688241665	0
470300473652961280	0
469868085554319361	0
469714850357448704	0
469316507894571008	0
468931931330326528	0
468927978756665344	0
468648918205870080	0
468449703278166016	0
468232786105892864	0
468120485377884160	0
467881386817617920	0
467762080242991104	0
467756009004752897	0
467671029393809408	0
467656430800343041	0
467642696006631424	0
467529949843173376	0
467115260353056768	0
467075373420019712	0
466904175054704641	0
466784031023976450	0
466709066128310273	0
466398324032278529	0
466382944173830144	0
466266564648771584	0
465948411997749250	0
465607763213946881	0
465508182308446208	0
465296253971349506	0
465230179711729666	0
465221167369183232	0
465198979509399552	0
464988267428212736	0
464848363088015360	0
464739172881022976	0
464588329791799296	0
464491808425123840	0
464217402356813824	0
463784867193315328	0
463495955799883776	0
463369729042694144	0
463321922282213376	0
463318773777195008	0
462980973098192897	0
462840017727930368	0
462726329285087232	0
462649391401410560	0
462604547526230016	0
462372744957808641	0
462214528206643200	0
462095625773789185	0
462079155153408000	0
462066380511383554	0
462040582848663553	0
461994357034582016	0
461926672305233920	0
